,JN.1,KP.2
JN.1,0.0,1.2684214363009676
KP.2,1.2684214363009676,0.0
