,JN.1,KP.2
JN.1,0.0,0.047549014961210195
KP.2,0.047549014961210195,0.0
