,JN.1,KP.2
JN.1,0.0,1.0755092380323412
KP.2,1.0755092380323412,0.0
