,JN.1,KP.2
JN.1,0.0,0.3288822573094272
KP.2,0.3288822573094272,0.0
