,JN.1,KP.2
JN.1,0.0,1.4082421683130724
KP.2,1.4082421683130724,0.0
