,JN.1,KP.2
JN.1,0.0,1.4656926138813375
KP.2,1.4656926138813375,0.0
