,JN.1,KP.2
JN.1,0.0,2.6534218747406997
KP.2,2.6534218747406997,0.0
