,JN.1,KP.2
JN.1,0.0,1.5769889040594474
KP.2,1.5769889040594474,0.0
