,JN.1,KP.2
JN.1,0.0,1.6046322688590258
KP.2,1.6046322688590258,0.0
