,JN.1,KP.2
JN.1,0.0,0.2975712428385671
KP.2,0.2975712428385671,0.0
